"Ma CK","ID_CK"
"ACV",1
"MSN",2
"VNM",3
"HPG",4
"SAB",5
"GVR",6
"FPT",7
"MWG",8
"BSR",9
"MCH",10
"VJC",11
"VEA",12
"PLX",13
"HVN",14
"MVN",15
"DGC",16
"VGC",17
"REE",18
"PNJ",19
"MSR",20
"GEX",21
"VEF",22
"MML",23
"DPM",24
"DCM",25
"KDC",26
"VHC",27
"SNZ",28
"QNS",29
"GMD",30
"OIL",31
"BHN",32
"PVS",33
"SBT",34
"VCS",35
"SJG",36
"VCG",37
"HAG",38
"DGW",39
"PVD",40
"GEE",41
"HUT",42
"FRT",43
"IDP",44
"VGT",45
"PHR",46
"PC1",47
"ACG",48
"LGC",49
"MPC",50
"SCS",51
"TMS",52
"CTR",53
"KSV",54
"HNG",55
"PVT",56
"ANV",57
"DBC",58
"VTP",59
"HT1",60
"PHP",61
"VCF",62
"TVN",63
"SCG",64
"VIF",65
"CII",66
"NKG",67
"NTP",68
"BMP",69
"ASM",70
"HBC",71
"IPA",72
"PAN",73
"CC1",74
"MCM",75
"SAM",76
"AAA",77
"SGP",78
"IDI",79
"HAH",80
"CTD",81
"VSC",82
"BAF",83
"PRT",84
"PTB",85
"DHC",86
"TLG",87
"HHV",88
"HTM",89
"VLC",90
"SAS",91
"L14",92
"TCM",93
"STK",94
"SVC",95
"TTF",96
"FIC",97
"DRC",98
"APH",99
"FMC",100
"PET",101
"HTP",102
"MSH",103
"TCD",104
"GIL",105
"PAT",106
"VSF",107
"DHB",108
"DPR",109
"CAV",110
"TBH",111
"TBH",112
"DNP",113
"DPG",114
"C4G",115
"GAB",116
"TBD",117
"SEA",118
"LTG",119
"TNG",120
"TAG",121
"DDV",122
"STG",123
"AST",124
"CDN",125
"RTB",126
"VOS",127
"FCN",128
"VPG",129
"BRR",130
"SGN",131
"NCT",132
"VOC",133
"VGR",134
"SHI",135
"PPH",136
"PLC",137
"LCG",138
"RAL",139
"KSB",140
"FOC",141
"LIC",142
"PDN",143
"POM",144
"HHS",145
"VCP",146
"SGT",147
"MVB",148
"ASG",149
"DVP",150
"VSN",151
"CSV",152
"RGC",153
"MIE",154
"BCC",155
"TTA",156
"TTA",157
"ACC",158
"TV2",159
"BMJ",160
"VGG",161
"SGI",162
"PVX",163
"IFS",164
"TDP",165
"VFG",166
"CSM",167
"TAR",168
"PAP",169
"TSJ",170
"VLB",171
"HRC",172
"BSQ",173
"BDT",174
"CLX",175
"DRG",176
"NNG",177
"CMF",178
"CVT",179
"SWC",180
"NSC",181
"PAC",182
"OCH",183
"CMX",184
"EVG",185
"DTL",186
"LAS",187
"CTF",188
"DFF",189
"TIS",190
"HAN",191
"TSC",192
"PSH",193
"SLS",194
"CQN",195
"SMC",196
"APF",197
"GVT",198
"TOS",199
"LIX",200
"L18",201
"TNC",202
"BFC",203
"HHC",204
"DLG",205
"DGT",206
"HAX",207
"SBM",208
"VFC",209
"TCL",210
"BBC",211
"TRC",212
"SKG",213
"THI",214
"VKD",215
"VNS",216
"DAT",217
"PVP",218
"VNG",219
"DSP",220
"VET",221
"NET",222
"THG",223
"CC4",224
"TMG",225
"SHN",226
"HTG",227
"NHH",228
"VC2",229
"G36",230
"LLM",231
"BTS",232
"TLH",233
"ABS",234
"DHT",235
"NHA",236
"CLL",237
"GKM",238
"ACL",239
"SQC",240
"BCF",241
"GMA",242
